[{"product_id":10000151,"name":"Redmi K20 Pro ","title":"Redmi K20","product_desc_ext":"「8GB+256GB，直降300元，到手仅2699元，可享花呗6期免息，每期低至450元」骁龙855旗舰处理器 / 索尼4800万超广角三摄 / 前置2000万升降式相机 / 6.39\"AMOLED全面屏 / 4000mAh超长续航 / 8层石墨立体散热 / 第七代屏下指纹解锁 / 多功能NFC","price_max":"2699","market_price_max":"2999","price_min":"2699","market_price_min":"2999","value":"8GB+256GB","images":["//i8.mifile.cn/a1/pms_1558857678.14769305.jpg"]},{"product_id":10000150,"name":"Redmi K20","title":"Redmi K20 Pro","product_desc_ext":"K20 6GB+128GB闪降200元热卖中！到手价仅1799元。可享花呗6期免息。索尼4800万超广角三摄 / 骁龙730处理器 / 前置2000万升降式相机 / 6.39\"AMOLED全面屏 / 4000mAh超长续航 / 第七代屏下指纹解锁 / 多功能NFC","price_max":"1799","market_price_max":"2099","price_min":"1799","market_price_min":"2099","value":"6GB+128GB","images":["//i8.mifile.cn/a1/pms_1558854907.65258291.jpg","//i8.mifile.cn/a1/pms_1558854907.55824331.jpg","//i8.mifile.cn/a1/pms_1558854907.59854953.jpg","//i8.mifile.cn/a1/pms_1558854907.5283799.jpg","//i8.mifile.cn/a1/pms_1558854907.55114811.jpg"]},{"product_id":10000152,"name":"Redmi 7A","title":"Redmi 7","product_desc_ext":"「3GB+32GB，直降200，到手价599元」骁龙8核高性能处理器，最高主频2.0GHz / 4000mAh超长续航，标配10W充电器 / 大字体，大音量，无线收音机 / AI人脸解锁 / 整机生活防泼溅 / 极简模式，亲情守护","price_max":"599","market_price_max":"799","price_min":"599","market_price_min":"799","value":"3GB+32GB","images":["//i8.mifile.cn/a1/pms_1558861752.64448370.jpg","//i8.mifile.cn/a1/pms_1558861752.64658908.jpg","//i8.mifile.cn/a1/pms_1558861752.64088736.jpg","//i8.mifile.cn/a1/pms_1558861752.64076874.jpg","//i8.mifile.cn/a1/pms_1558861752.70514871.jpg"]},{"product_id":10000134,"name":"小米9","title":"小米9 SE","product_desc_ext":"全曲面轻薄设计，全息幻彩玻璃机身 / 骁龙855旗舰处理器 / 20W无线闪充，标配27W有线快充 / 索尼4800万超广角微距三摄 / 极速屏下指纹解锁 / 多功能NFC","price_max":"2999","market_price_max":"3299","price_min":"2999","market_price_min":"3299","value":"8GB+256GB","images":["//i8.mifile.cn/a1/pms_1565339457.36822589.jpg"]},{"product_id":9455,"name":"Redmi Note 7 Pro","title":"Redmi Note 7","product_desc_ext":"「赠10000mAh Redmi 充电宝」索尼4800万超清拍照 / 6GB+128GB大存储 / 骁龙675处理器 / 4000mAh大电量 / 18个月超长质保 / 6.3\"水滴屏 / P2i整机防泼溅处理 / 标配18W充电器 / 德国莱茵 TÜV 认证护眼屏","price_max":"1399","market_price_max":"1599","price_min":"1399","market_price_min":"1599","value":"镜花水月","images":["//i8.mifile.cn/a1/pms_1563848312.48538606.jpg","//i8.mifile.cn/a1/pms_1563848312.59023575.jpg","//i8.mifile.cn/a1/pms_1563848312.55834954.jpg","//i8.mifile.cn/a1/pms_1563848312.46944642.jpg","//i8.mifile.cn/a1/pms_1563848312.47255680.jpg"]},{"product_id":10000131,"name":"Redmi Note 7","title":"Redmi Note 7 Pro","product_desc_ext":"4800万拍照千元机 / “满血版”骁龙660处理器 / 品质“小金刚”，18个月超长质保 / 4000mAh 大电量 / 6.3\" 水滴全面屏 / USB-C 接口，方便耐用 / 支持快充 4 协议","price_max":"1099","market_price_max":"1399","price_min":"1099","market_price_min":"1399","value":"6GB+64GB","images":["//i8.mifile.cn/a1/pms_1563325775.88248262.jpg","//i8.mifile.cn/a1/pms_1563325775.88165918.jpg","//i8.mifile.cn/a1/pms_1563325775.88135634.jpg","//i8.mifile.cn/a1/pms_1563325775.97089304.jpg","//i8.mifile.cn/a1/pms_1563325775.88167253.jpg"]},{"product_id":10000138,"name":"Redmi 7 ","title":"Redmi 7A","product_desc_ext":"「3GB+32GB、4GB+64GB，直降100，到手价低至699元」4000mAh大电量 / 骁龙632八核处理器 / 6.26\"水滴全面屏，德国莱茵 TÜV 认证护眼屏 / 18个月超长质保，康宁第五代大猩猩玻璃盖板 / 支持大字体、大音量模式，收音机、红外遥控功能 / 1200万AI双摄，1.25μm大像素相机","price_max":"699","market_price_max":"799","price_min":"699","market_price_min":"799","value":"3GB+32GB","images":["//i8.mifile.cn/a1/pms_1555075954.81667747.jpg","//i8.mifile.cn/a1/pms_1555075954.68242655.jpg","//i8.mifile.cn/a1/pms_1555075954.66946359.jpg","//i8.mifile.cn/a1/pms_1555075954.68286935.jpg"]},{"product_id":10000135,"name":"小米9 SE","title":"小米9","product_desc_ext":"索尼4800万超广角三摄 / 骁龙712全球首发 / 全息幻彩机身 / 三星AMOLED屏幕 / 5.97”水滴屏 / 第五代屏幕指纹识别 / 多功能NFC / 红外遥控","price_max":"1599","market_price_max":"1999","price_min":"1599","market_price_min":"1999","value":"6GB+64GB","images":["//i8.mifile.cn/a1/pms_1550646262.14555118.jpg","//i8.mifile.cn/a1/pms_1550646262.13317112.jpg","//i8.mifile.cn/a1/pms_1550646262.13052238.jpg","//i8.mifile.cn/a1/pms_1550646262.14867742.jpg"]},{"product_id":10000139,"name":"黑鲨游戏手机 2","title":"黑鲨游戏手机 Helo","product_desc_ext":"「购机赠黑鲨游戏手柄套装」双材质折面光影机身 / 骁龙855旗舰芯片+最大12G内存 / Magic Press立体操控 / 液冷3.0: 塔式全域液冷系统 / Trueview Display精准显示 / 升级X+2天线 / AI游戏引擎","price_max":"2699","market_price_max":"3499","price_min":"2699","market_price_min":"3499","value":"8GB+128GB","images":["//i8.mifile.cn/a1/pms_1552805592.50541016.jpg","//i8.mifile.cn/a1/pms_1552805592.50392035.jpg","//i8.mifile.cn/a1/pms_1552805592.38746638.jpg","//i8.mifile.cn/a1/pms_1552805592.29862672.jpg","//i8.mifile.cn/a1/pms_1552805592.32132559.jpg"]}] 